{
  "train_loss": [
    1.2605587309968156,
    0.9163797575112289,
    0.8560822250920411,
    0.8282239216443008,
    0.8108073152096222,
    0.7969390726634534,
    0.7870653127059121,
    0.7808086649242756,
    0.7720273592918672,
    0.7672602166820065,
    0.7596146091159466,
    0.7547823315085211,
    0.7505760453091962,
    0.7459279515046989,
    0.7414856282307335,
    0.7377868297353255,
    0.7355608788915088,
    0.730550076669648,
    0.7282710009444077,
    0.7257107513844088,
    0.72308556427822,
    0.721133005258608,
    0.7189035984443001,
    0.716816148267383,
    0.7159194796398326,
    0.7137708201520914,
    0.7129566505067819,
    0.7111639859138337,
    0.7112226222029127,
    0.7103078336754379
  ],
  "train_acc": [
    72.87403207964601,
    85.9882005899705,
    88.37919432153393,
    89.39205383480827,
    90.05461836283186,
    90.58121312684366,
    90.85430494100295,
    91.02945243362832,
    91.39357485250737,
    91.48114859882006,
    91.73695612094396,
    91.88675331858407,
    92.02387536873157,
    92.16099741887906,
    92.34421091445428,
    92.53433812684366,
    92.57466814159292,
    92.76249078171091,
    92.94800884955752,
    92.97681600294985,
    93.07591261061947,
    93.07706489675516,
    93.25221238938053,
    93.28678097345133,
    93.31904498525074,
    93.45271017699115,
    93.4273598820059,
    93.48727876106194,
    93.49188790560471,
    93.57139564896755
  ],
  "val_acc": [
    83.62751645835321,
    88.2167732086633,
    88.14998568838851,
    90.14407022230704,
    89.02776452628567,
    90.54479534395573,
    90.34443278313138,
    90.64974716153039,
    90.5543364182807,
    90.4303024520561,
    90.45892567503101,
    91.03139013452915,
    92.05228508730083,
    90.64020608720541,
    91.5084438507776,
    91.3557866615781,
    92.72970136437362,
    92.11907260757562,
    91.47027955347772,
    92.4625512832745,
    92.25264764812518,
    92.78694781032344,
    92.7106192157237,
    92.55796202652418,
    92.87281747924817,
    92.93960499952294,
    92.75832458734854,
    92.79648888464841,
    92.84419425627325,
    92.85373533059823
  ]
}